id,title,description,createdAt,updatedAt
oj2o7nEBrIRcahlYRAox,轉發協尋、捐款捐贈,,2020-05-07T10:22:17.136Z,2020-05-07T10:22:17.136Z
oT2o7nEBrIRcahlYKQoM,政治、政黨,,2020-05-07T10:22:10.186Z,2020-05-07T10:22:10.186Z
oD2o7nEBrIRcahlYFgpm,只有網址其他資訊不足,,2020-05-07T10:22:05.413Z,2020-05-07T10:22:05.413Z
nz2o7nEBrIRcahlYBgqQ,廣告,,2020-05-07T10:22:01.359Z,2020-05-07T10:22:01.359Z
nj2n7nEBrIRcahlY-gpc,無意義,,2020-05-07T10:21:58.235Z,2020-05-07T10:21:58.235Z
nT2n7nEBrIRcahlY6QqF,有意義但不包含在以上標籤,,2020-05-07T10:21:53.923Z,2020-05-07T10:21:53.923Z
nD2n7nEBrIRcahlYwQoW,免費訊息詐騙,詐騙貼圖、假行銷手法,2020-05-07T10:21:43.572Z,2020-05-07T10:21:43.572Z
mz2n7nEBrIRcahlYnQpz,科技、資安、隱私,5G、大數據、人工智慧、臉部辨識,2020-05-07T10:21:34.450Z,2020-05-07T10:21:34.450Z
mj2n7nEBrIRcahlYdArf,優惠措施、新法規、政策宣導,高鐵優惠票、節電獎勵、老人津貼、旅遊補助之類、交通新法規 etc,2020-05-07T10:21:24.061Z,2020-05-07T10:21:24.061Z
mT2n7nEBrIRcahlYTArI,環境生態保護,石虎、全球暖化、亞泥、COP,2020-05-07T10:21:13.798Z,2020-05-07T10:21:13.798Z
mD2n7nEBrIRcahlYLAr7,能源轉型,能源占比、核能、火力、風電、夏季電價等等,2020-05-07T10:21:05.658Z,2020-05-07T10:21:05.658Z
lz2n7nEBrIRcahlYDgri,農林漁牧政策,花生、高麗菜等物價波動；農損補助、廚餘養豬轉型、老農津貼等等,2020-05-07T10:20:57.953Z,2020-05-07T10:20:57.953Z
lj2m7nEBrIRcahlY6Ao_,基本人權問題,新疆集中營、警暴、709大抓捕,2020-05-07T10:20:48.059Z,2020-05-07T10:20:48.059Z
lT3h7XEBrIRcahlYugqq,保健秘訣、食品安全,各種宣稱會抗癌、高血壓、糖尿病等等的偏方秘笈、十大恐怖美食、不要吃海帶、美粒果,2020-05-07T06:45:25.801Z,2020-05-07T06:45:25.801Z
lD3h7XEBrIRcahlYeQqS,女權與性別刻板印象,對性別平等教育的恐慌與抹黑,2020-05-07T06:45:09.133Z,2020-05-07T06:45:09.133Z
kz3c7XEBrIRcahlYxAp6,性少數與愛滋病,對同性婚姻的恐懼、愛滋病的誤解與的防疫相關釋疑。,2020-05-07T06:40:00.628Z,2020-05-07T06:40:00.628Z
kj287XEBrIRcahlYvQoS,中國影響力,兩岸三地、疆獨藏獨相關事件，如六四、飛越海峽中線事件、反送中、非洲豬瘟等等。對中國事務全然正面的描述、疑似為大外宣一環的訊息,2020-05-07T06:05:01.583Z,2020-05-07T06:05:01.583Z
